Point No.,Material,County,Phys. Province,Count
705,quartz,Accomack,"Coastal Plain, So.",1
465,chert,Albemarle,"Piedmont, No.",1
77,"chert, dark-gray",Albemarle,"Piedmont, No.",1
601,quartz,Albemarle,"Piedmont, No.",1
906,quartz,Albemarle,"Piedmont, No.",1
81,quartzite,Albemarle,"Piedmont, No.",1
140,chert,Alleghany,"Ridge & Valley, So.",1
427,chalcedony,Amelia,"Piedmont, So.",1
736,chalcedony,Amelia,"Piedmont, So.",1
45,"chert, dark-gray",Amelia,"Piedmont, So.",1
51,"chert, dark-gray",Amelia,"Piedmont, So.",1
90,"chert, dark-gray",Amelia,"Piedmont, So.",1
125,"chert, dark-gray",Amelia,"Piedmont, So.",1
30,"chert, dark-gray",Amelia,"Piedmont, So.",1
58,"chert, dark-gray",Amelia,"Piedmont, So.",1
54,chert,Amelia,"Piedmont, So.",1
679,chert,Amelia,"Piedmont, So.",1
682,chert,Amelia,"Piedmont, So.",1
56,crystal quartz,Amelia,"Piedmont, So.",1
681,jasper,Amelia,"Piedmont, So.",1
676,"chert, green",Amherst,"Piedmont, So.",1
139,chert,Amherst,"Piedmont, So.",1
366,chert,Amherst,"Piedmont, So.",1
567,crystal quartz,Appomattox,"Piedmont, So.",1
400,"chert, dark-gray",Augusta,"Ridge & Valley, No.",1
1010,chert,Augusta,"Ridge & Valley, No.",1
260,"chert, dark-gray",Bath,"Ridge & Valley, No.",1
831,chalcedony,Bedford,"Piedmont, So.",1
942,chalcedony,Bedford,"Piedmont, So.",1
138,"chert, dark-gray",Bedford,"Piedmont, So.",1
357,"chert, dark-gray",Bedford,"Piedmont, So.",1
132,"chert, dark-gray",Bedford,"Piedmont, So.",1
145,"chert, dark-gray",Bedford,"Piedmont, So.",1
117,chert,Bedford,"Piedmont, So.",1
137,chert,Bedford,"Piedmont, So.",1
454,chert,Bedford,"Piedmont, So.",1
772,chert,Bedford,"Piedmont, So.",1
110,jasper,Bedford,"Piedmont, So.",1
116,jasper,Bedford,"Piedmont, So.",1
936,jasper,Bedford,"Piedmont, So.",1
938,jasper,Bedford,"Piedmont, So.",1
107,metavolcanic,Bedford,"Piedmont, So.",1
824,metavolcanic,Bedford,"Piedmont, So.",1
788,quartz,Bedford,"Piedmont, So.",1
793,quartz,Bedford,"Piedmont, So.",1
794,quartz,Bedford,"Piedmont, So.",1
937,quartz,Bedford,"Piedmont, So.",1
88,chert,Bedford,"Piedmont, So.",1
83,"chert, dark-gray",Bedford,"Piedmont, So.",1
85,"chert, dark-gray",Bedford,"Piedmont, So.",1
84,chert,Bedford,"Piedmont, So.",1
86,chert,Bedford,"Piedmont, So.",1
87,chert,Bedford,"Piedmont, So.",1
670,"chert, dark-gray",Botetourt,"Ridge & Valley, So.",1
330,chalcedony,Brunswick,"Piedmont, So.",1
538,chalcedony,Brunswick,"Piedmont, So.",1
410,chert,Brunswick,"Piedmont, So.",1
112,"chert, dark-gray",Brunswick,"Piedmont, So.",1
416,"chert, dark-gray",Brunswick,"Piedmont, So.",1
287,"chert, green",Brunswick,"Piedmont, So.",1
805,"chert, green",Brunswick,"Piedmont, So.",1
372,chert,Brunswick,"Piedmont, So.",1
439,metavolcanic,Brunswick,"Piedmont, So.",1
565,metavolcanic,Brunswick,"Piedmont, So.",1
575,metavolcanic,Brunswick,"Piedmont, So.",1
612,metavolcanic,Brunswick,"Piedmont, So.",1
667,metavolcanic,Brunswick,"Piedmont, So.",1
1003,metavolcanic,Brunswick,"Piedmont, So.",1
223,quartz,Brunswick,"Piedmont, So.",1
305,quartz,Brunswick,"Piedmont, So.",1
182,chert,Buchanan,"Ridge & Valley, So.",1
50,"chert, dark-gray",Buckingham,"Piedmont, So.",1
592,metavolcanic,Buckingham,"Piedmont, So.",1
721,quartz,Buckingham,"Piedmont, So.",1
97,chert,Campbell,"Piedmont, So.",1
133,"chert, dark-gray",Campbell,"Piedmont, So.",1
144,"chert, dark-gray",Campbell,"Piedmont, So.",1
134,"chert, dark-gray",Campbell,"Piedmont, So.",1
382,chert,Campbell,"Piedmont, So.",1
580,metavolcanic,Campbell,"Piedmont, So.",1
846,orthoquartzite,Campbell ,"Piedmont, So.",1
512,chert,Campbell,"Piedmont, So.",1
115,chalcedony,Caroline,Coastal Plain,1
78,"chert, dark-gray",Caroline,Coastal Plain,1
124,crystal quartz,Caroline,Coastal Plain,1
874,"chert, dark-gray",Caroline,"Coastal Plain, So.",1
901,chert,Caroline,"Coastal Plain, So.",1
796,metavolcanic,Caroline,"Coastal Plain, So.",1
809,"chert, dark-gray",Carroll,Blue Ridge,1
478,jasper,Charles City,Coastal Plain,1
292,chert,Charles City,"Coastal Plain, So.",1
514,chalcedony,Charlotte,"Piedmont, So.",1
289,"chert, dark-gray",Charlotte,"Piedmont, So.",1
511,"chert, dark-gray",Charlotte,"Piedmont, So.",1
613,"chert, dark-gray",Charlotte,"Piedmont, So.",1
143,chert,Charlotte,"Piedmont, So.",1
384,chert,Charlotte,"Piedmont, So.",1
510,chert,Charlotte,"Piedmont, So.",1
2,crystal quartz,Charlotte,"Piedmont, So.",1
982,crystal quartz,Charlotte,"Piedmont, So.",1
49,metavolcanic,Charlotte,"Piedmont, So.",1
979,metavolcanic,Charlotte,"Piedmont, So.",1
980,metavolcanic,Charlotte,"Piedmont, So.",1
981,metavolcanic,Charlotte,"Piedmont, So.",1
839,quartz,Charlotte,"Piedmont, So.",1
835,quartzite,Charlotte,"Piedmont, So.",1
315,crystal quartz,Charlottesville,"Piedmont, No.",1
611,chalcedony,Chesapeake,"Coastal Plain, So.",1
563,jasper,Chesapeake,"Coastal Plain, So.",1
732,jasper,Chesapeake,"Coastal Plain, So.",1
557,metavolcanic,Chesapeake,"Coastal Plain, So.",1
596,quartzite,Chesapeake,"Coastal Plain, So.",1
821,chalcedony,Chesterfield,"Piedmont, So.",1
346,"chert, dark-gray",Chesterfield,"Piedmont, So.",1
178,"chert, dark-gray",Chesterfield,"Piedmont, So.",1
180,"chert, dark-gray",Chesterfield,"Piedmont, So.",1
344,"chert, dark-gray",Chesterfield,"Piedmont, So.",1
377,chert,Chesterfield,"Piedmont, So.",1
904,chert,Chesterfield,"Piedmont, So.",1
922,chert,Chesterfield,"Piedmont, So.",1
342,crystal quartz,Chesterfield,"Piedmont, So.",1
345,crystal quartz,Chesterfield,"Piedmont, So.",1
341,jasper,Chesterfield,"Piedmont, So.",1
636,jasper,Chesterfield,"Piedmont, So.",1
899,jasper,Chesterfield,"Piedmont, So.",1
431,metavolcanic,Chesterfield,"Piedmont, So.",1
444,metavolcanic,Chesterfield,"Piedmont, So.",1
751,metavolcanic,Chesterfield,"Piedmont, So.",1
898,metavolcanic,Chesterfield,"Piedmont, So.",1
919,metavolcanic,Chesterfield,"Piedmont, So.",1
343,petrified wood,Chesterfield,"Piedmont, So.",1
430,petrified wood,Chesterfield,"Piedmont, So.",1
432,petrified wood,Chesterfield,"Piedmont, So.",1
509,quartzite,Chesterfield,"Piedmont, So.",1
903,jasper,Clarke,"Ridge & Valley, No.",1
333,chert,Clarksville,"Piedmont, So.",1
875,chert,Culpepper,"Piedmont, No.",1
798,metavolcanic,Culpepper,"Piedmont, No.",1
468,quartz,Culpepper,"Piedmont, No.",1
48,chalcedony,Cumberland,"Piedmont, So.",1
446,chalcedony,Cumberland,"Piedmont, So.",1
47,crystal quartz,Cumberland,"Piedmont, So.",1
426,crystal quartz,Cumberland,"Piedmont, So.",1
758,chalcedony,Dinwiddie,"Coastal Plain, So.",1
645,chalcedony,Dinwiddie,"Coastal Plain, So.",1
162,chalcedony,Dinwiddie,"Coastal Plain, So.",1
163,chalcedony,Dinwiddie,"Coastal Plain, So.",1
165,chalcedony,Dinwiddie,"Coastal Plain, So.",1
166,chalcedony,Dinwiddie,"Coastal Plain, So.",1
167,chalcedony,Dinwiddie,"Coastal Plain, So.",1
168,chalcedony,Dinwiddie,"Coastal Plain, So.",1
169,chalcedony,Dinwiddie,"Coastal Plain, So.",1
437,chalcedony,Dinwiddie,"Coastal Plain, So.",1
458,chalcedony,Dinwiddie,"Coastal Plain, So.",1
521,chalcedony,Dinwiddie,"Coastal Plain, So.",1
523,chalcedony,Dinwiddie,"Coastal Plain, So.",1
560,chalcedony,Dinwiddie,"Coastal Plain, So.",1
574,chalcedony,Dinwiddie,"Coastal Plain, So.",1
585,chalcedony,Dinwiddie,"Coastal Plain, So.",1
626,chalcedony,Dinwiddie,"Coastal Plain, So.",1
643,chalcedony,Dinwiddie,"Coastal Plain, So.",1
644,chalcedony,Dinwiddie,"Coastal Plain, So.",1
646,chalcedony,Dinwiddie,"Coastal Plain, So.",1
647,chalcedony,Dinwiddie,"Coastal Plain, So.",1
684,chalcedony,Dinwiddie,"Coastal Plain, So.",1
686,chalcedony,Dinwiddie,"Coastal Plain, So.",1
700,chalcedony,Dinwiddie,"Coastal Plain, So.",1
701,chalcedony,Dinwiddie,"Coastal Plain, So.",1
729,chalcedony,Dinwiddie,"Coastal Plain, So.",1
756,chalcedony,Dinwiddie,"Coastal Plain, So.",1
757,chalcedony,Dinwiddie,"Coastal Plain, So.",1
759,chalcedony,Dinwiddie,"Coastal Plain, So.",1
800,chalcedony,Dinwiddie,"Coastal Plain, So.",1
817,chalcedony,Dinwiddie,"Coastal Plain, So.",1
435,chalcedony,Dinwiddie,"Coastal Plain, So.",1
61,chert,Dinwiddie,"Coastal Plain, So.",1
148,chert,Dinwiddie,"Coastal Plain, So.",1
175,chert,Dinwiddie,"Coastal Plain, So.",1
194,chert,Dinwiddie,"Coastal Plain, So.",1
217,chert,Dinwiddie,"Coastal Plain, So.",1
238,chert,Dinwiddie,"Coastal Plain, So.",1
405,chert,Dinwiddie,"Coastal Plain, So.",1
495,chert,Dinwiddie,"Coastal Plain, So.",1
628,chert,Dinwiddie,"Coastal Plain, So.",1
130,"chert, dark-gray",Dinwiddie,"Coastal Plain, So.",1
151,"chert, dark-gray",Dinwiddie,"Coastal Plain, So.",1
174,"chert, dark-gray",Dinwiddie,"Coastal Plain, So.",1
186,"chert, dark-gray",Dinwiddie,"Coastal Plain, So.",1
205,"chert, dark-gray",Dinwiddie,"Coastal Plain, So.",1
244,"chert, dark-gray",Dinwiddie,"Coastal Plain, So.",1
245,"chert, dark-gray",Dinwiddie,"Coastal Plain, So.",1
353,"chert, dark-gray",Dinwiddie,"Coastal Plain, So.",1
370,"chert, dark-gray",Dinwiddie,"Coastal Plain, So.",1
407,"chert, dark-gray",Dinwiddie,"Coastal Plain, So.",1
665,"chert, dark-gray",DInwiddie,"Coastal Plain, So.",1
675,"chert, dark-gray",Dinwiddie,"Coastal Plain, So.",1
778,"chert, dark-gray",Dinwiddie,"Coastal Plain, So.",1
64,"chert, dark-gray",Dinwiddie,"Coastal Plain, So.",1
121,"chert, dark-gray",Dinwiddie,"Coastal Plain, So.",1
187,"chert, dark-gray",Dinwiddie,"Coastal Plain, So.",1
232,"chert, dark-gray",Dinwiddie,"Coastal Plain, So.",1
235,"chert, dark-gray",Dinwiddie,"Coastal Plain, So.",1
251,"chert, dark-gray",Dinwiddie,"Coastal Plain, So.",1
351,"chert, dark-gray",Dinwiddie,"Coastal Plain, So.",1
352,"chert, dark-gray",Dinwiddie,"Coastal Plain, So.",1
398,"chert, dark-gray",Dinwiddie,"Coastal Plain, So.",1
403,"chert, dark-gray",Dinwiddie,"Coastal Plain, So.",1
404,"chert, dark-gray",Dinwiddie,"Coastal Plain, So.",1
408,"chert, dark-gray",Dinwiddie,"Coastal Plain, So.",1
411,"chert, dark-gray",Dinwiddie,"Coastal Plain, So.",1
420,"chert, dark-gray",Dinwiddie,"Coastal Plain, So.",1
423,"chert, dark-gray",Dinwiddie,"Coastal Plain, So.",1
424,"chert, dark-gray",Dinwiddie,"Coastal Plain, So.",1
451,"chert, dark-gray",Dinwiddie,"Coastal Plain, So.",1
487,"chert, dark-gray",Dinwiddie,"Coastal Plain, So.",1
812,"chert, dark-gray",Dinwiddie,"Coastal Plain, So.",1
486,"chert, green",Dinwiddie,"Coastal Plain, So.",1
62,chert,Dinwiddie,"Coastal Plain, So.",1
70,chert,Dinwiddie,"Coastal Plain, So.",1
146,chert,Dinwiddie,"Coastal Plain, So.",1
147,chert,Dinwiddie,"Coastal Plain, So.",1
171,chert,Dinwiddie,"Coastal Plain, So.",1
173,chert,Dinwiddie,"Coastal Plain, So.",1
176,chert,Dinwiddie,"Coastal Plain, So.",1
179,chert,Dinwiddie,"Coastal Plain, So.",1
185,chert,Dinwiddie,"Coastal Plain, So.",1
193,chert,Dinwiddie,"Coastal Plain, So.",1
198,chert,Dinwiddie,"Coastal Plain, So.",1
200,chert,Dinwiddie,"Coastal Plain, So.",1
203,chert,Dinwiddie,"Coastal Plain, So.",1
207,chert,Dinwiddie,"Coastal Plain, So.",1
208,chert,Dinwiddie,"Coastal Plain, So.",1
211,chert,Dinwiddie,"Coastal Plain, So.",1
212,chert,Dinwiddie,"Coastal Plain, So.",1
214,chert,Dinwiddie,"Coastal Plain, So.",1
216,chert,Dinwiddie,"Coastal Plain, So.",1
231,chert,Dinwiddie,"Coastal Plain, So.",1
233,chert,Dinwiddie,"Coastal Plain, So.",1
236,chert,Dinwiddie,"Coastal Plain, So.",1
237,chert,Dinwiddie,"Coastal Plain, So.",1
239,chert,Dinwiddie,"Coastal Plain, So.",1
240,chert,Dinwiddie,"Coastal Plain, So.",1
241,chert,Dinwiddie,"Coastal Plain, So.",1
242,chert,Dinwiddie,"Coastal Plain, So.",1
246,chert,Dinwiddie,"Coastal Plain, So.",1
252,chert,Dinwiddie,"Coastal Plain, So.",1
277,chert,Dinwiddie,"Coastal Plain, So.",1
285,chert,Dinwiddie,"Coastal Plain, So.",1
301,chert,Dinwiddie,"Coastal Plain, So.",1
307,chert,Dinwiddie,"Coastal Plain, So.",1
329,chert,Dinwiddie,"Coastal Plain, So.",1
335,chert,Dinwiddie,"Coastal Plain, So.",1
348,chert,Dinwiddie,"Coastal Plain, So.",1
349,chert,Dinwiddie,"Coastal Plain, So.",1
350,chert,Dinwiddie,"Coastal Plain, So.",1
378,chert,Dinwiddie,"Coastal Plain, So.",1
395,chert,Dinwiddie,"Coastal Plain, So.",1
396,chert,Dinwiddie,"Coastal Plain, So.",1
397,chert,Dinwiddie,"Coastal Plain, So.",1
399,chert,Dinwiddie,"Coastal Plain, So.",1
401,chert,Dinwiddie,"Coastal Plain, So.",1
409,chert,Dinwiddie,"Coastal Plain, So.",1
457,chert,Dinwiddie,"Coastal Plain, So.",1
492,chert,Dinwiddie,"Coastal Plain, So.",1
499,chert,Dinwiddie,"Coastal Plain, So.",1
515,chert,Dinwiddie,"Coastal Plain, So.",1
584,chert,Dinwiddie,"Coastal Plain, So.",1
600,chert,Dinwiddie,"Coastal Plain, So.",1
627,chert,Dinwiddie,"Coastal Plain, So.",1
683,chert,Dinwiddie,"Coastal Plain, So.",1
188,chert,Dinwiddie,"Coastal Plain, So.",1
197,chert,Dinwiddie,"Coastal Plain, So.",1
204,chert,Dinwiddie,"Coastal Plain, So.",1
734,chert,Dinwiddie,"Coastal Plain, So.",1
971,chert,Dinwiddie,"Coastal Plain, So.",1
164,crystal quartz,Dinwiddie,"Coastal Plain, So.",1
189,crystal quartz,Dinwiddie,"Coastal Plain, So.",1
201,crystal quartz,Dinwiddie,"Coastal Plain, So.",1
202,crystal quartz,Dinwiddie,"Coastal Plain, So.",1
206,crystal quartz,Dinwiddie,"Coastal Plain, So.",1
243,crystal quartz,Dinwiddie,"Coastal Plain, So.",1
255,crystal quartz,Dinwiddie,"Coastal Plain, So.",1
257,crystal quartz,Dinwiddie,"Coastal Plain, So.",1
258,crystal quartz,Dinwiddie,"Coastal Plain, So.",1
259,crystal quartz,Dinwiddie,"Coastal Plain, So.",1
459,crystal quartz,Dinwiddie,"Coastal Plain, So.",1
464,crystal quartz,Dinwiddie,"Coastal Plain, So.",1
477,crystal quartz,Dinwiddie,"Coastal Plain, So.",1
494,crystal quartz,Dinwiddie,"Coastal Plain, So.",1
501,crystal quartz,Dinwiddie,"Coastal Plain, So.",1
516,crystal quartz,Dinwiddie,"Coastal Plain, So.",1
576,crystal quartz,Dinwiddie,"Coastal Plain, So.",1
618,crystal quartz,Dinwiddie,"Coastal Plain, So.",1
768,crystal quartz,Dinwiddie,"Coastal Plain, So.",1
170,jasper,Dinwiddie,"Coastal Plain, So.",1
406,jasper,Dinwiddie,"Coastal Plain, So.",1
436,jasper,Dinwiddie,"Coastal Plain, So.",1
500,jasper,Dinwiddie,"Coastal Plain, So.",1
767,jasper,Dinwiddie,"Coastal Plain, So.",1
452,jasper,Dinwiddie,"Coastal Plain, So.",1
490,jasper,Dinwiddie,"Coastal Plain, So.",1
190,metavolcanic,Dinwiddie,"Coastal Plain, So.",1
286,metavolcanic,Dinwiddie,"Coastal Plain, So.",1
325,metavolcanic,Dinwiddie,"Coastal Plain, So.",1
534,metavolcanic,Dinwiddie,"Coastal Plain, So.",1
496,metavolcanic,Dinwiddie,"Coastal Plain, So.",1
283,metavolcanic,Dinwiddie,"Coastal Plain, So.",1
433,metavolcanic,Dinwiddie,"Coastal Plain, So.",1
455,metavolcanic,Dinwiddie,"Coastal Plain, So.",1
491,metavolcanic,Dinwiddie,"Coastal Plain, So.",1
493,metavolcanic,Dinwiddie,"Coastal Plain, So.",1
527,metavolcanic,Dinwiddie,"Coastal Plain, So.",1
702,metavolcanic,Dinwiddie,"Coastal Plain, So.",1
830,metavolcanic,Dinwiddie,"Coastal Plain, So.",1
813,petrified wood,Dinwiddie,"Coastal Plain, So.",1
172,quartz,Dinwiddie,"Coastal Plain, So.",1
191,quartz,Dinwiddie,"Coastal Plain, So.",1
196,quartz,Dinwiddie,"Coastal Plain, So.",1
215,quartz,Dinwiddie,"Coastal Plain, So.",1
270,quartz,Dinwiddie,"Coastal Plain, So.",1
282,quartz,Dinwiddie,"Coastal Plain, So.",1
497,quartz,Dinwiddie,"Coastal Plain, So.",1
525,quartz,Dinwiddie,"Coastal Plain, So.",1
528,quartz,Dinwiddie,"Coastal Plain, So.",1
588,quartz,Dinwiddie,"Coastal Plain, So.",1
603,quartz,Dinwiddie,"Coastal Plain, So.",1
662,quartz,Dinwiddie,"Coastal Plain, So.",1
720,quartz,Dinwiddie,"Coastal Plain, So.",1
779,quartz,Dinwiddie,"Coastal Plain, So.",1
192,quartzite,Dinwiddie,"Coastal Plain, So.",1
195,quartzite,Dinwiddie,"Coastal Plain, So.",1
199,quartzite,Dinwiddie,"Coastal Plain, So.",1
209,quartzite,Dinwiddie,"Coastal Plain, So.",1
234,quartzite,Dinwiddie,"Coastal Plain, So.",1
284,quartzite,Dinwiddie,"Coastal Plain, So.",1
368,quartzite,Dinwiddie,"Coastal Plain, So.",1
402,quartzite,Dinwiddie,"Coastal Plain, So.",1
453,quartzite,Dinwiddie,"Coastal Plain, So.",1
488,quartzite,Dinwiddie,"Coastal Plain, So.",1
498,quartzite,Dinwiddie,"Coastal Plain, So.",1
517,quartzite,Dinwiddie,"Coastal Plain, So.",1
520,quartzite,Dinwiddie,"Coastal Plain, So.",1
564,quartzite,Dinwiddie,"Coastal Plain, So.",1
587,quartzite,Dinwiddie,"Coastal Plain, So.",1
891,quartzite,Dinwiddie,"Coastal Plain, So.",1
1000,quartzite,Dinwiddie,"Coastal Plain, So.",1
920,chalcedony,Dinwiddie ,"Coastal Plain, So.",1
911,chert,Dinwiddie ,"Coastal Plain, So.",1
912,chert,Dinwiddie ,"Coastal Plain, So.",1
917,chert,Dinwiddie ,"Coastal Plain, So.",1
894,chert,Dinwiddie ,"Coastal Plain, So.",1
909,crystal quartz,Dinwiddie ,"Coastal Plain, So.",1
848,metavolcanic,Dinwiddie ,"Coastal Plain, So.",1
914,quartz,Dinwiddie ,"Coastal Plain, So.",1
394,jasper,Essex,Coastal Plain,1
876,"chert, dark-gray",Fairfax,"Piedmont, No.",1
471,metavolcanic,Fairfax,"Piedmont, No.",1
688,metavolcanic,Fairfax,"Piedmont, No.",1
854,chert,Fairfax ,"Piedmont, No.",1
855,"chert, dark-gray",Fairfax ,"Piedmont, No.",1
984,jasper,Fairfax ,"Piedmont, No.",1
853,metavolcanic,Fairfax ,"Piedmont, No.",1
852,quartz,Fairfax ,"Piedmont, No.",1
856,quartz,Fairfax ,"Piedmont, No.",1
975,quartz,Fairfax ,"Piedmont, No.",1
392,"chert, dark-gray",Fauquier,"Piedmont, No.",1
752,chalcedony,Floyd,Blue Ridge,1
832,"chert, dark-gray",Floyd,Blue Ridge,1
970,metavolcanic,Floyd,Blue Ridge,1
393,"chert, dark-gray",James City,Coastal Plain,1
787,chalcedony,Franklin,"Piedmont, So.",1
615,"chert, dark-gray",Franklin,"Piedmont, So.",1
730,"chert, dark-gray",Franklin,"Piedmont, So.",1
786,"chert, dark-gray",Franklin,"Piedmont, So.",1
990,chert,Franklin,"Piedmont, So.",1
760,jasper,Franklin,"Piedmont, So.",1
616,metavolcanic,Franklin,"Piedmont, So.",1
819,quartz,Franklin,"Piedmont, So.",1
825,quartz,Franklin,"Piedmont, So.",1
944,quartz,Franklin,"Piedmont, So.",1
948,quartzite,Franklin,"Piedmont, So.",1
552,chalcedony,Giles,"Ridge & Valley, So.",1
551,"chert, dark-gray",Giles,"Ridge & Valley, So.",1
774,"chert, dark-gray",Giles,"Ridge & Valley, So.",1
673,chalcedony,Gloucester,Coastal Plain,1
579,"chert, dark-gray",Gloucester,Coastal Plain,1
978,chert,Gloucester,Coastal Plain,1
593,jasper,Gloucester,Coastal Plain,1
634,jasper,Gloucester,Coastal Plain,1
689,metavolcanic,Gloucester,Coastal Plain,1
826,quartz,Gloucester,Coastal Plain,1
851,chalcedony,Goochland ,"Piedmont, So.",1
316,"chert, dark-gray",Grayson,Blue Ridge,1
317,"chert, dark-gray",Grayson,Blue Ridge,1
619,"chert, dark-gray",Grayson,Blue Ridge,1
504,chalcedony,Greenville,"Coastal Plain, So.",1
537,chalcedony,Greenville,"Coastal Plain, So.",1
540,chalcedony,Greenville,"Coastal Plain, So.",1
554,chalcedony,Greenville,"Coastal Plain, So.",1
685,chalcedony,Greenville,"Coastal Plain, So.",1
693,chalcedony,Greenville,"Coastal Plain, So.",1
717,chalcedony,Greenville,"Coastal Plain, So.",1
725,chalcedony,Greenville,"Coastal Plain, So.",1
726,chalcedony,Greenville,"Coastal Plain, So.",1
780,chalcedony,Greenville,"Coastal Plain, So.",1
828,chalcedony,Greenville,"Coastal Plain, So.",1
847,chalcedony,Greenville,"Coastal Plain, So.",1
669,"chert, dark-gray",Greenville,"Coastal Plain, So.",1
674,"chert, dark-gray",Greenville,"Coastal Plain, So.",1
219,chert,Greenville,"Coastal Plain, So.",1
278,chert,Greenville,"Coastal Plain, So.",1
309,chert,Greenville,"Coastal Plain, So.",1
419,chert,Greenville,"Coastal Plain, So.",1
546,chert,Greenville,"Coastal Plain, So.",1
633,chert,Greenville,"Coastal Plain, So.",1
833,chert,Greenville,"Coastal Plain, So.",1
823,crystal quartz,Greenville,"Coastal Plain, So.",1
542,jasper,Greenville,"Coastal Plain, So.",1
450,jasper,Greenville,"Coastal Plain, So.",1
503,metavolcanic,Greenville,"Coastal Plain, So.",1
522,metavolcanic,Greenville,"Coastal Plain, So.",1
614,metavolcanic,Greenville,"Coastal Plain, So.",1
666,metavolcanic,Greenville,"Coastal Plain, So.",1
687,metavolcanic,Greenville,"Coastal Plain, So.",1
799,metavolcanic,Greenville,"Coastal Plain, So.",1
818,metavolcanic,Greenville,"Coastal Plain, So.",1
916,orthoquartzite,Greenville,"Coastal Plain, So.",1
502,quartz,Greenville,"Coastal Plain, So.",1
962,quartz,Greenville,"Coastal Plain, So.",1
276,quartzite,Greenville,"Coastal Plain, So.",1
443,quartzite,Greenville,"Coastal Plain, So.",1
963,quartzite,Greenville,"Coastal Plain, So.",1
964,quartzite,Greenville,"Coastal Plain, So.",1
568.1,chalcedony,Halifax,"Piedmont, So.",1
697,chalcedony,Halifax,"Piedmont, So.",1
373,chert,Halifax,"Piedmont, So.",1
573,"chert, dark-gray",Halifax,"Piedmont, So.",1
735,"chert, dark-gray",Halifax,"Piedmont, So.",1
1007,"chert, dark-gray",Halifax,"Piedmont, So.",1
55,chert,Halifax,"Piedmont, So.",1
568,chert,Halifax,"Piedmont, So.",1
571,chert,Halifax,"Piedmont, So.",1
1013,chert,Halifax,"Piedmont, So.",1
220,jasper,Halifax,"Piedmont, So.",1
929,jasper,Halifax,"Piedmont, So.",1
505,jasper,Halifax,"Piedmont, So.",1
385,metavolcanic,Halifax,"Piedmont, So.",1
480,metavolcanic,Halifax,"Piedmont, So.",1
543.1,metavolcanic,Halifax,"Piedmont, So.",1
569,metavolcanic,Halifax,"Piedmont, So.",1
569.1,metavolcanic,Halifax,"Piedmont, So.",1
570,metavolcanic,Halifax,"Piedmont, So.",1
570.1,metavolcanic,Halifax,"Piedmont, So.",1
572,metavolcanic,Halifax,"Piedmont, So.",1
572.1,metavolcanic,Halifax,"Piedmont, So.",1
696,metavolcanic,Halifax,"Piedmont, So.",1
698,metavolcanic,Halifax,"Piedmont, So.",1
703,metavolcanic,Halifax,"Piedmont, So.",1
926,metavolcanic,Halifax,"Piedmont, So.",1
1012,metavolcanic,Halifax,"Piedmont, So.",1
699,quartz,Halifax,"Piedmont, So.",1
303,quartz,Hampton,"Coastal Plain, So.",1
291,quartzite,Hampton,"Coastal Plain, So.",1
553,"chert, dark-gray",Hanover,Coastal Plain,1
844,"chert, dark-gray",Hanover,Coastal Plain,1
365,"chert, dark-gray",Hanover,Coastal Plain,1
177,chert,Hanover,Coastal Plain,1
507,metavolcanic,Hanover,Coastal Plain,1
111,quartzite,Hanover,Coastal Plain,1
113,"chert, dark-gray",Henrico,"Coastal Plain, So.",1
371,jasper,Henrico,"Coastal Plain, So.",1
429,chalcedony,Henry,"Piedmont, So.",1
886,metavolcanic,Henry,"Piedmont, So.",1
652,chalcedony,Isle of Wight,"Coastal Plain, So.",1
654,chalcedony,Isle of Wight,"Coastal Plain, So.",1
658,chalcedony,Isle of Wight,"Coastal Plain, So.",1
659,chalcedony,Isle of Wight,"Coastal Plain, So.",1
275,chert,Isle of Wight,"Coastal Plain, So.",1
466,"chert, dark-gray",Isle of Wight,"Coastal Plain, So.",1
925,chert,Isle of Wight,"Coastal Plain, So.",1
297,jasper,Isle of WIght,"Coastal Plain, So.",1
653,metavolcanic,Isle of Wight,"Coastal Plain, So.",1
893,orthoquartzite,Isle of Wight,"Coastal Plain, So.",1
655,quartz,Isle of Wight,"Coastal Plain, So.",1
691,quartz,Isle of Wight,"Coastal Plain, So.",1
363,quartzite,Isle of Wight,"Coastal Plain, So.",1
609,quartzite,Isle of Wight,"Coastal Plain, So.",1
610,quartzite,Isle of Wight,"Coastal Plain, So.",1
657,quartzite,Isle of Wight,"Coastal Plain, So.",1
660,quartzite,Isle of Wight,"Coastal Plain, So.",1
661,quartzite,Isle of Wight,"Coastal Plain, So.",1
783,quartzite,Isle of Wight,"Coastal Plain, So.",1
953,quartzite,Isle of Wight,"Coastal Plain, So.",1
790,chalcedony,James City,Coastal Plain,1
82,"chert, dark-gray",James City,"Coastal Plain, So.",1
310,metavolcanic,James City,"Coastal Plain, So.",1
340,quartzite,King George,Coastal Plain,1
974,metavolcanic,King William,Coastal Plain,1
973,quartzite,King William,Coastal Plain,1
71,"chert, dark-gray",King William,"Coastal Plain, So.",1
599,jasper,Lancaster,Coastal Plain,1
802,"chert, dark-gray",Lee,"Ridge & Valley, So.",1
536,"chert, dark-gray",Lee,"Ridge & Valley, So.",1
784,"chert, dark-gray",Lee,"Ridge & Valley, So.",1
888,chalcedony,Loudoun,"Piedmont, No.",1
872,jasper,Loudoun,"Piedmont, No.",1
873,jasper,Loudoun,"Piedmont, No.",1
945,jasper,Loudoun,"Piedmont, No.",1
949,quartz,Loudoun,"Piedmont, No.",1
996,orthoquartzite,Louisa,"Piedmont, So.",1
535,"chert, dark-gray",Lunenburg,"Piedmont, So.",1
228,"chert, green",Lunenburg,"Piedmont, So.",1
549,metavolcanic,Lunenburg,"Piedmont, So.",1
293,"chert, dark-gray",Madison,"Piedmont, No.",1
181,"chert, dark-gray",Mathews,Coastal Plain,1
625,"chert, dark-gray",Mathews,Coastal Plain,1
677,"chert, dark-gray",Mathews,Coastal Plain,1
550,chert,Mathews,Coastal Plain,1
594,chert,Mathews,Coastal Plain,1
976,chert,Mathews,Coastal Plain,1
622,crystal quartz,Mathews,Coastal Plain,1
815,jasper,Mathews,Coastal Plain,1
884,jasper,Mathews,Coastal Plain,1
680,metavolcanic,Mathews,Coastal Plain,1
977,quartz,Mathews,Coastal Plain,1
624,quartzite,Mathews,Coastal Plain,1
816,quartzite,Mathews,Coastal Plain,1
868,"chert, dark-gray",Matthews,Coastal Plain,1
387,"chert, dark-gray",Mecklenberg,"Piedmont, So.",1
386,chert,Mecklenberg,"Piedmont, So.",1
412,chert,Mecklenberg,"Piedmont, So.",1
927,chert,Mecklenberg,"Piedmont, So.",1
390,crystal quartz,Mecklenberg,"Piedmont, So.",1
375,jasper,Mecklenberg,"Piedmont, So.",1
539,jasper,Mecklenberg,"Piedmont, So.",1
695,metavolcanic,Mecklenberg,"Piedmont, So.",1
928,metavolcanic,Mecklenberg,"Piedmont, So.",1
9,chalcedony,Mecklenburg,"Piedmont, So.",1
472,chalcedony,Mecklenburg,"Piedmont, So.",1
20,chalcedony,Mecklenburg,"Piedmont, So.",1
32,chalcedony,Mecklenburg,"Piedmont, So.",1
709,chalcedony,Mecklenburg,"Piedmont, So.",1
739,chalcedony,Mecklenburg,"Piedmont, So.",1
745,chalcedony,Mecklenburg,"Piedmont, So.",1
773,chalcedony,Mecklenburg,"Piedmont, So.",1
822,chalcedony,Mecklenburg,"Piedmont, So.",1
183,chert,Mecklenburg,"Piedmont, So.",1
482,chert,Mecklenburg,"Piedmont, So.",1
7,"chert, dark-gray",Mecklenburg,"Piedmont, So.",1
8,"chert, dark-gray",Mecklenburg,"Piedmont, So.",1
15,"chert, dark-gray",Mecklenburg,"Piedmont, So.",1
24,"chert, dark-gray",Mecklenburg,"Piedmont, So.",1
27,"chert, dark-gray",Mecklenburg,"Piedmont, So.",1
37,"chert, dark-gray",Mecklenburg,"Piedmont, So.",1
63,"chert, dark-gray",Mecklenburg,"Piedmont, So.",1
65,"chert, dark-gray",Mecklenburg,"Piedmont, So.",1
66,"chert, dark-gray",Mecklenburg,"Piedmont, So.",1
67,"chert, dark-gray",Mecklenburg,"Piedmont, So.",1
68,"chert, dark-gray",Mecklenburg,"Piedmont, So.",1
69,"chert, dark-gray",Mecklenburg,"Piedmont, So.",1
72,"chert, dark-gray",Mecklenburg,"Piedmont, So.",1
89,"chert, dark-gray",Mecklenburg,"Piedmont, So.",1
101,"chert, dark-gray",Mecklenburg,"Piedmont, So.",1
126,"chert, dark-gray",Mecklenburg,"Piedmont, So.",1
129,"chert, dark-gray",Mecklenburg,"Piedmont, So.",1
160,"chert, dark-gray",Mecklenburg,"Piedmont, So.",1
218,"chert, dark-gray",Mecklenburg,"Piedmont, So.",1
224,"chert, dark-gray",Mecklenburg,"Piedmont, So.",1
226,"chert, dark-gray",Mecklenburg,"Piedmont, So.",1
304,"chert, dark-gray",Mecklenburg,"Piedmont, So.",1
374,"chert, dark-gray",Mecklenburg,"Piedmont, So.",1
712,"chert, dark-gray",Mecklenburg,"Piedmont, So.",1
10,"chert, dark-gray",Mecklenburg,"Piedmont, So.",1
18,"chert, dark-gray",Mecklenburg,"Piedmont, So.",1
19,"chert, dark-gray",Mecklenburg,"Piedmont, So.",1
36,"chert, dark-gray",Mecklenburg,"Piedmont, So.",1
39,"chert, dark-gray",Mecklenburg,"Piedmont, So.",1
43,"chert, dark-gray",Mecklenburg,"Piedmont, So.",1
94,"chert, dark-gray",Mecklenburg,"Piedmont, So.",1
96,"chert, dark-gray",Mecklenburg,"Piedmont, So.",1
98,"chert, dark-gray",Mecklenburg,"Piedmont, So.",1
127,"chert, dark-gray",Mecklenburg,"Piedmont, So.",1
131,"chert, dark-gray",Mecklenburg,"Piedmont, So.",1
14,"chert, green",Mecklenburg,"Piedmont, So.",1
26,"chert, green",Mecklenburg,"Piedmont, So.",1
95,"chert, green",Mecklenburg,"Piedmont, So.",1
227,"chert, green",Mecklenburg,"Piedmont, So.",1
230,"chert, green",Mecklenburg,"Piedmont, So.",1
262,"chert, green",Mecklenburg,"Piedmont, So.",1
483,"chert, green",Mecklenburg,"Piedmont, So.",1
13,chert,Mecklenburg,"Piedmont, So.",1
17,chert,Mecklenburg,"Piedmont, So.",1
23,chert,Mecklenburg,"Piedmont, So.",1
25,chert,Mecklenburg,"Piedmont, So.",1
28,chert,Mecklenburg,"Piedmont, So.",1
29,chert,Mecklenburg,"Piedmont, So.",1
35,chert,Mecklenburg,"Piedmont, So.",1
38,chert,Mecklenburg,"Piedmont, So.",1
42,chert,Mecklenburg,"Piedmont, So.",1
44,chert,Mecklenburg,"Piedmont, So.",1
59,chert,Mecklenburg,"Piedmont, So.",1
60,chert,Mecklenburg,"Piedmont, So.",1
99,chert,Mecklenburg,"Piedmont, So.",1
100,chert,Mecklenburg,"Piedmont, So.",1
102,chert,Mecklenburg,"Piedmont, So.",1
159,chert,Mecklenburg,"Piedmont, So.",1
221,chert,Mecklenburg,"Piedmont, So.",1
222,chert,Mecklenburg,"Piedmont, So.",1
225,chert,Mecklenburg,"Piedmont, So.",1
229,chert,Mecklenburg,"Piedmont, So.",1
263,chert,Mecklenburg,"Piedmont, So.",1
312,chert,Mecklenburg,"Piedmont, So.",1
485,chert,Mecklenburg,"Piedmont, So.",1
713,chert,Mecklenburg,"Piedmont, So.",1
740,chert,Mecklenburg,"Piedmont, So.",1
761,chert,Mecklenburg,"Piedmont, So.",1
1005,chert,Mecklenburg,"Piedmont, So.",1
743,chert,Mecklenburg,"Piedmont, So.",1
41,chert,Mecklenburg,"Piedmont, So.",1
122,chert,Mecklenburg,"Piedmont, So.",1
711,chert,Mecklenburg,"Piedmont, So.",1
719,chert,Mecklenburg,"Piedmont, So.",1
741,chert,Mecklenburg,"Piedmont, So.",1
744,chert,Mecklenburg,"Piedmont, So.",1
1004,chert,Mecklenburg,"Piedmont, So.",1
1,crystal quartz,Mecklenburg,"Piedmont, So.",1
3,crystal quartz,Mecklenburg,"Piedmont, So.",1
4,crystal quartz,Mecklenburg,"Piedmont, So.",1
5,crystal quartz,Mecklenburg,"Piedmont, So.",1
6,crystal quartz,Mecklenburg,"Piedmont, So.",1
128,crystal quartz,Mecklenburg,"Piedmont, So.",1
135,crystal quartz,Mecklenburg,"Piedmont, So.",1
150,crystal quartz,Mecklenburg,"Piedmont, So.",1
379,crystal quartz,Mecklenburg,"Piedmont, So.",1
484,crystal quartz,Mecklenburg,"Piedmont, So.",1
649,crystal quartz,Mecklenburg,"Piedmont, So.",1
708,crystal quartz,Mecklenburg,"Piedmont, So.",1
710,crystal quartz,Mecklenburg,"Piedmont, So.",1
738,crystal quartz,Mecklenburg,"Piedmont, So.",1
750,crystal quartz,Mecklenburg,"Piedmont, So.",1
473,jasper,Mecklenburg,"Piedmont, So.",1
770,jasper,Mecklenburg,"Piedmont, So.",1
12,metavolcanic,Mecklenburg,"Piedmont, So.",1
16,metavolcanic,Mecklenburg,"Piedmont, So.",1
31,metavolcanic,Mecklenburg,"Piedmont, So.",1
34,metavolcanic,Mecklenburg,"Piedmont, So.",1
40,metavolcanic,Mecklenburg,"Piedmont, So.",1
296,metavolcanic,Mecklenburg,"Piedmont, So.",1
22,metavolcanic,Mecklenburg,"Piedmont, So.",1
261,metavolcanic,Mecklenburg,"Piedmont, So.",1
475,metavolcanic,Mecklenburg,"Piedmont, So.",1
620,metavolcanic,Mecklenburg,"Piedmont, So.",1
742,metavolcanic,Mecklenburg,"Piedmont, So.",1
789,metavolcanic,Mecklenburg,"Piedmont, So.",1
33,petrified wood,Mecklenburg,"Piedmont, So.",1
268,petrified wood,Mecklenburg,"Piedmont, So.",1
714,petrified wood,Mecklenburg,"Piedmont, So.",1
93,quartz,Mecklenburg,"Piedmont, So.",1
136,quartz,Mecklenburg,"Piedmont, So.",1
154,quartz,Mecklenburg,"Piedmont, So.",1
269,quartz,Mecklenburg,"Piedmont, So.",1
479,quartz,Mecklenburg,"Piedmont, So.",1
707,quartz,Mecklenburg,"Piedmont, So.",1
747,quartz,Mecklenburg,"Piedmont, So.",1
749,quartz,Mecklenburg,"Piedmont, So.",1
11,quartzite,Mecklenburg,"Piedmont, So.",1
481,quartzite,Mecklenburg,"Piedmont, So.",1
746,quartzite,Mecklenburg,"Piedmont, So.",1
988,orthoquartzite,Middlesex,Coastal Plain,1
602,"chert, dark-gray",Montgomery,"Ridge & Valley, So.",1
992,jasper,Montgomery,"Ridge & Valley, So.",1
923,metavolcanic,Montgomery,"Ridge & Valley, So.",1
531,chalcedony,Suffolk,"Coastal Plain, So.",1
715,chalcedony,Suffolk,"Coastal Plain, So.",1
716,chalcedony,Suffolk,"Coastal Plain, So.",1
290,chert,Suffolk,"Coastal Plain, So.",1
74,"chert, dark-gray",Suffolk,"Coastal Plain, So.",1
254,"chert, dark-gray",Suffolk,"Coastal Plain, So.",1
801,"chert, dark-gray",Suffolk,"Coastal Plain, So.",1
474,"chert, dark-gray",Suffolk,"Coastal Plain, So.",1
672,"chert, dark-gray",Suffolk,"Coastal Plain, So.",1
73,chert,Suffolk,"Coastal Plain, So.",1
247,jasper,Suffolk,"Coastal Plain, So.",1
266,jasper,Suffolk,"Coastal Plain, So.",1
376,jasper,Suffolk,"Coastal Plain, So.",1
256,jasper,Suffolk,"Coastal Plain, So.",1
75,metavolcanic,Suffolk,"Coastal Plain, So.",1
298,metavolcanic,Suffolk,"Coastal Plain, So.",1
362,metavolcanic,Suffolk,"Coastal Plain, So.",1
561,metavolcanic,Suffolk,"Coastal Plain, So.",1
820,metavolcanic,Suffolk,"Coastal Plain, So.",1
306,quartz,Suffolk,"Coastal Plain, So.",1
428,quartz,Suffolk,"Coastal Plain, So.",1
476,quartz,Suffolk,"Coastal Plain, So.",1
950,quartz,Suffolk,"Coastal Plain, So.",1
248,quartzite,Suffolk,"Coastal Plain, So.",1
253,quartzite,Suffolk,"Coastal Plain, So.",1
265,quartzite,Suffolk,"Coastal Plain, So.",1
558,quartzite,Suffolk,"Coastal Plain, So.",1
642,quartzite,Suffolk,"Coastal Plain, So.",1
671,quartzite,Suffolk,"Coastal Plain, So.",1
441,chalcedony,Nelson,"Piedmont, So.",1
118,"chert, dark-gray",Nelson,"Piedmont, So.",1
141,jasper,Nelson,"Piedmont, So.",1
331,quartz,Nelson,"Piedmont, So.",1
791,"chert, dark-gray",Newport News,Coastal Plain,1
566,jasper,Newport News,Coastal Plain,1
294,"chert, dark-gray",Norfolk,"Coastal Plain, So.",1
295,"chert, dark-gray",Norfolk,"Coastal Plain, So.",1
369,quartzite,Norfolk,"Coastal Plain, So.",1
267,"chert, dark-gray",Northampton,Coastal Plain,1
731,jasper,Northampton,Coastal Plain,1
985,chert,Northampton ,Coastal Plain,1
804,jasper,Northumberland,Coastal Plain,1
994,jasper,Northumberland,Coastal Plain,1
318,chert,Prince George,Coastal Plain,1
639,"chert, dark-gray",Orange,"Piedmont, No.",1
383,"chert, dark-gray",Orange,"Piedmont, No.",1
940,jasper,Orange,"Piedmont, No.",1
806,quartzite,Orange,"Piedmont, No.",1
440,chalcedony,Page,"Ridge & Valley, No.",1
105,chalcedony,Page,"Ridge & Valley, No.",1
434,chalcedony,Page,"Ridge & Valley, No.",1
438,"chert, dark-gray",Page,"Ridge & Valley, No.",1
103,chert,Page,"Ridge & Valley, No.",1
389,jasper,Page,"Ridge & Valley, No.",1
442,metavolcanic,Page,"Ridge & Valley, No.",1
104,quartz,Page,"Ridge & Valley, No.",1
991,chert,Patrick,"Piedmont, So.",1
422,metavolcanic,Patrick,"Piedmont, So.",1
704,metavolcanic,Patrick,"Piedmont, So.",1
810,quartz,Patrick,"Piedmont, So.",1
529,chert,Petersburg,"Coastal Plain, So.",1
530,chert,Petersburg,"Coastal Plain, So.",1
153,chalcedony,Pittsylvania,"Piedmont, So.",1
321,"chert, dark-gray",Pittsylvania,"Piedmont, So.",1
722,"chert, dark-gray",Pittsylvania,"Piedmont, So.",1
723,"chert, dark-gray",Pittsylvania,"Piedmont, So.",1
724,"chert, dark-gray",Pittsylvania,"Piedmont, So.",1
897,"chert, dark-gray",Pittsylvania,"Piedmont, So.",1
57,chert,Pittsylvania,"Piedmont, So.",1
890,chert,Pittsylvania,"Piedmont, So.",1
931,chert,Pittsylvania,"Piedmont, So.",1
986,chert,Pittsylvania,"Piedmont, So.",1
877,crystal quartz,Pittsylvania,"Piedmont, So.",1
149,jasper,Pittsylvania,"Piedmont, So.",1
881,metavolcanic,Pittsylvania,"Piedmont, So.",1
506,quartz,Pittsylvania,"Piedmont, So.",1
320,quartzite,Pittsylvania,"Piedmont, So.",1
771,quartzite,Portsmouth,"Coastal Plain, So.",1
508,chalcedony,Powhatan,"Piedmont, So.",1
837,chalcedony,Powhatan,"Piedmont, So.",1
623,chert,Powhatan,"Piedmont, So.",1
337,"chert, dark-gray",Powhatan,"Piedmont, So.",1
836,chalcedony,Prince Edward,"Piedmont, So.",1
106,chert,Prince Edward,"Piedmont, So.",1
513,"chert, dark-gray",Prince Edward,"Piedmont, So.",1
53,chert,Prince Edward,"Piedmont, So.",1
46,chert,Prince Edward,"Piedmont, So.",1
983,quartzite,Prince Edward,"Piedmont, So.",1
109,"chert, dark-gray",Prince George,"Coastal Plain, So.",1
108,chert,Prince George,"Coastal Plain, So.",1
119,chert,Prince George,"Coastal Plain, So.",1
314,chert,Prince George,"Coastal Plain, So.",1
589,chert,Prince George,"Coastal Plain, So.",1
889,chert,Prince George,"Coastal Plain, So.",1
158,quartzite,Prince George,"Coastal Plain, So.",1
543,quartzite,Prince George,"Coastal Plain, So.",1
882,quartz,Prince William,"Piedmont, No.",1
364,chalcedony,Virginia Beach,"Coastal Plain, So.",1
273,chert,Virginia Beach,"Coastal Plain, So.",1
323,metavolcanic,Virginia Beach,"Coastal Plain, So.",1
271,quartz,Virginia Beach,"Coastal Plain, So.",1
706,chert,Pulaski,"Ridge & Valley, So.",1
313,jasper,Richmond,"Piedmont, So.",1
638,chalcedony,Roanoke,"Ridge & Valley, So.",1
52,"chert, dark-gray",Roanoke,"Ridge & Valley, So.",1
637,"chert, dark-gray",Roanoke,"Ridge & Valley, So.",1
785,"chert, dark-gray",Roanoke,"Ridge & Valley, So.",1
803,"chert, dark-gray",Roanoke,"Ridge & Valley, So.",1
664,"chert, green",Roanoke,"Ridge & Valley, So.",1
748,chert,Roanoke,"Ridge & Valley, So.",1
595,chalcedony,Rockbridge,"Ridge & Valley, So.",1
264,chert,Rockbridge,"Ridge & Valley, So.",1
995,chert,Rockbridge,"Ridge & Valley, So.",1
288,jasper,Rockbridge,"Ridge & Valley, So.",1
1001,metavolcanic,Rockbridge,"Ridge & Valley, So.",1
470,chalcedony,Rockingham,"Ridge & Valley, No.",1
92,"chert, dark-gray",Rockingham,"Ridge & Valley, No.",1
157,"chert, dark-gray",Rockingham,"Ridge & Valley, No.",1
156,chert,Rockingham,"Ridge & Valley, No.",1
947,chert,Rockingham,"Ridge & Valley, No.",1
598,jasper,Rockingham,"Ridge & Valley, No.",1
80,chalcedony,Scott,"Ridge & Valley, So.",1
361,"chert, dark-gray",Scott,"Ridge & Valley, So.",1
578,"chert, dark-gray",Scott,"Ridge & Valley, So.",1
79,"chert, dark-gray",Scott,"Ridge & Valley, So.",1
161,chalcedony,Shenandoah,"Ridge & Valley, No.",1
347,"chert, dark-gray",Shenandoah,"Ridge & Valley, No.",1
632,jasper,Shenandoah,"Ridge & Valley, No.",1
76,jasper,Shenandoah,"Ridge & Valley, No.",1
641,chalcedony,Smyth,"Ridge & Valley, So.",1
417,chalcedony,Smyth,"Ridge & Valley, So.",1
184,"chert, dark-gray",Smyth,"Ridge & Valley, So.",1
210,"chert, dark-gray",Smyth,"Ridge & Valley, So.",1
300,"chert, dark-gray",Smyth,"Ridge & Valley, So.",1
518,"chert, dark-gray",Smyth,"Ridge & Valley, So.",1
533,"chert, dark-gray",Smyth,"Ridge & Valley, So.",1
827,"chert, dark-gray",Smyth,"Ridge & Valley, So.",1
887,"chert, dark-gray",Smyth,"Ridge & Valley, So.",1
650,"chert, dark-gray",Smyth,"Ridge & Valley, So.",1
769,chert,Smyth,"Ridge & Valley, So.",1
934,chert,Smyth,"Ridge & Valley, So.",1
935,chert,Smyth,"Ridge & Valley, So.",1
213,crystal quartz,Smyth,"Ridge & Valley, So.",1
879,jasper,Smyth,"Ridge & Valley, So.",1
1006,metavolcanic,Smyth,"Ridge & Valley, So.",1
829,chalcedony,Southampton,"Coastal Plain, So.",1
989,chalcedony,Southampton,"Coastal Plain, So.",1
324,"chert, dark-gray",Southampton,"Coastal Plain, So.",1
782,"chert, dark-gray",Southampton,"Coastal Plain, So.",1
272,chert,Southampton,"Coastal Plain, So.",1
281,chert,Southampton,"Coastal Plain, So.",1
668,chert,Southampton,"Coastal Plain, So.",1
727,chert,Southampton,"Coastal Plain, So.",1
326,chert,Southampton,"Coastal Plain, So.",1
951,jasper,Southampton,"Coastal Plain, So.",1
621,metavolcanic,Southampton,"Coastal Plain, So.",1
966,quartz,Southampton,"Coastal Plain, So.",1
967,quartz,Southampton,"Coastal Plain, So.",1
969,quartz,Southampton,"Coastal Plain, So.",1
274,quartzite,Southampton,"Coastal Plain, So.",1
308,quartzite,Southampton,"Coastal Plain, So.",1
332,quartzite,Southampton,"Coastal Plain, So.",1
460,quartzite,Southampton,"Coastal Plain, So.",1
608,quartzite,Southampton,"Coastal Plain, So.",1
965,quartzite,Southampton,"Coastal Plain, So.",1
968,quartzite,Southampton,"Coastal Plain, So.",1
907,quartz,Spotsylvania,"Piedmont, No.",1
120,chert,Spottsylvania,"Piedmont, No.",1
900,orthoquartzite,Stafford,Coastal Plain,1
1002,"chert, dark-gray",Suffolk,"Coastal Plain, So.",1
955,chert,Suffolk,"Coastal Plain, So.",1
960,chert,Suffolk,"Coastal Plain, So.",1
924,crystal quartz,Suffolk,"Coastal Plain, So.",1
718,jasper,Suffolk,"Coastal Plain, So.",1
556,metavolcanic,Suffolk,"Coastal Plain, So.",1
559,metavolcanic,Suffolk,"Coastal Plain, So.",1
834,metavolcanic,Suffolk,"Coastal Plain, So.",1
842,metavolcanic,Suffolk,"Coastal Plain, So.",1
843,metavolcanic,Suffolk,"Coastal Plain, So.",1
958,metavolcanic,Suffolk,"Coastal Plain, So.",1
845,quartz,Suffolk,"Coastal Plain, So.",1
954,quartz,Suffolk,"Coastal Plain, So.",1
957,quartz,Suffolk,"Coastal Plain, So.",1
604,quartzite,Suffolk,"Coastal Plain, So.",1
737,quartzite,Suffolk,"Coastal Plain, So.",1
956,quartzite,Suffolk,"Coastal Plain, So.",1
959,quartzite,Suffolk,"Coastal Plain, So.",1
961,quartzite,Suffolk,"Coastal Plain, So.",1
972,quartzite,Suffolk,"Coastal Plain, So.",1
915,"chert, dark-gray",Suffolk,"Coastal Plain, So.",1
334,chalcedony,Surry,"Coastal Plain, So.",1
902,chalcedony,Surry,"Coastal Plain, So.",1
142,chert,Surry,"Coastal Plain, So.",1
883,"chert, dark-gray",Surry,"Coastal Plain, So.",1
766,chert,Surry,"Coastal Plain, So.",1
870,chert,Surry,"Coastal Plain, So.",1
871,chert,Surry,"Coastal Plain, So.",1
299,jasper,Surry,"Coastal Plain, So.",1
302,jasper,Surry,"Coastal Plain, So.",1
869,metavolcanic,Surry,"Coastal Plain, So.",1
808,quartz,Surry,"Coastal Plain, So.",1
547,chalcedony,Sussex,"Coastal Plain, So.",1
555,chalcedony,Sussex,"Coastal Plain, So.",1
629,chalcedony,Sussex,"Coastal Plain, So.",1
630,chalcedony,Sussex,"Coastal Plain, So.",1
692,chalcedony,Sussex,"Coastal Plain, So.",1
755,chalcedony,Sussex,"Coastal Plain, So.",1
776,chalcedony,Sussex,"Coastal Plain, So.",1
840,chalcedony,Sussex,"Coastal Plain, So.",1
841,chalcedony,Sussex,"Coastal Plain, So.",1
327,"chert, dark-gray",Sussex,"Coastal Plain, So.",1
152,chert,Sussex,"Coastal Plain, So.",1
279,chert,Sussex,"Coastal Plain, So.",1
280,chert,Sussex,"Coastal Plain, So.",1
338,chert,Sussex,"Coastal Plain, So.",1
414,chert,Sussex,"Coastal Plain, So.",1
545,chert,Sussex,"Coastal Plain, So.",1
548,chert,Sussex,"Coastal Plain, So.",1
895,chert,Sussex,"Coastal Plain, So.",1
905,chert,Sussex,"Coastal Plain, So.",1
908,chert,Sussex,"Coastal Plain, So.",1
932,chert,Sussex,"Coastal Plain, So.",1
356,jasper,Sussex,"Coastal Plain, So.",1
694,jasper,Sussex,"Coastal Plain, So.",1
807,jasper,Sussex,"Coastal Plain, So.",1
631,metavolcanic,Sussex,"Coastal Plain, So.",1
640,metavolcanic,Sussex,"Coastal Plain, So.",1
838,metavolcanic,Sussex,"Coastal Plain, So.",1
878,metavolcanic,Sussex,"Coastal Plain, So.",1
910,metavolcanic,Sussex,"Coastal Plain, So.",1
921,metavolcanic,Sussex,"Coastal Plain, So.",1
930,orthoquartzite,Sussex,"Coastal Plain, So.",1
913,petrified wood,Sussex,"Coastal Plain, So.",1
541,quartz,Sussex,"Coastal Plain, So.",1
728,quartz,Sussex,"Coastal Plain, So.",1
354,quartzite,Sussex,"Coastal Plain, So.",1
355,quartzite,Sussex,"Coastal Plain, So.",1
544,quartzite,Sussex,"Coastal Plain, So.",1
581,quartzite,Sussex,"Coastal Plain, So.",1
605,quartzite,Sussex,"Coastal Plain, So.",1
606,quartzite,Sussex,"Coastal Plain, So.",1
607,quartzite,Sussex,"Coastal Plain, So.",1
648,quartzite,Sussex,"Coastal Plain, So.",1
797,quartzite,Sussex,"Coastal Plain, So.",1
896,quartzite,Sussex,"Coastal Plain, So.",1
918,quartzite,Sussex,"Coastal Plain, So.",1
952,quartzite,Sussex,"Coastal Plain, So.",1
1014,quartzite,Sussex,"Coastal Plain, So.",1
792,chert,Accomack,Coastal Plain,1
415,"chert, dark-gray",Tazewell,"Ridge & Valley, So.",1
359,chert,Tazewell,"Ridge & Valley, So.",1
360,chert,Tazewell,"Ridge & Valley, So.",1
993,chert,Tazewell,"Ridge & Valley, So.",1
582,jasper,Tazewell,"Ridge & Valley, So.",1
678,crystal quartz,Virginia Beach,"Coastal Plain, So.",1
864,chalcedony,Warren ,"Ridge & Valley, No.",1
933,chalcedony,Warren ,"Ridge & Valley, No.",1
865,"chert, dark-gray",Warren ,"Ridge & Valley, No.",1
857,jasper,Warren ,"Ridge & Valley, No.",1
858,jasper,Warren ,"Ridge & Valley, No.",1
859,jasper,Warren ,"Ridge & Valley, No.",1
860,jasper,Warren ,"Ridge & Valley, No.",1
861,jasper,Warren ,"Ridge & Valley, No.",1
862,jasper,Warren ,"Ridge & Valley, No.",1
863,jasper,Warren ,"Ridge & Valley, No.",1
866,jasper,Warren ,"Ridge & Valley, No.",1
867,jasper,Warren ,"Ridge & Valley, No.",1
880,quartzite,Warren ,"Ridge & Valley, No.",1
425,chalcedony,Washington,"Ridge & Valley, So.",1
562,chert,Washington,"Ridge & Valley, So.",1
577,"chert, dark-gray",Washington,"Ridge & Valley, So.",1
754,"chert, dark-gray",Washington,"Ridge & Valley, So.",1
763,"chert, dark-gray",Washington,"Ridge & Valley, So.",1
764,"chert, dark-gray",Washington,"Ridge & Valley, So.",1
777,"chert, dark-gray",Washington,"Ridge & Valley, So.",1
651,"chert, dark-gray",Washington,"Ridge & Valley, So.",1
753,"chert, dark-gray",Washington,"Ridge & Valley, So.",1
762,"chert, dark-gray",Washington,"Ridge & Valley, So.",1
943,chert,Washington,"Ridge & Valley, So.",1
997,chert,Washington,"Ridge & Valley, So.",1
998,chert,Washington,"Ridge & Valley, So.",1
999,chert,Washington,"Ridge & Valley, So.",1
939,metavolcanic,Washington,"Ridge & Valley, So.",1
849,chert,Washington ,"Ridge & Valley, So.",1
885,quartz,Washington ,"Ridge & Valley, So.",1
469,chert,Westmoreland,Coastal Plain,1
590,quartz,Westmoreland,Coastal Plain,1
765,metavolcanic,Williamsburg,Coastal Plain,1
811,"chert, dark-gray",Wise,"Ridge & Valley, So.",1
892,metavolcanic,Wythe,"Ridge & Valley, So.",1
250,chert,York,Coastal Plain,1
591,chert,York,Coastal Plain,1
319,jasper,York,Coastal Plain,1
463,jasper,York,Coastal Plain,1
617,petrified wood,York,Coastal Plain,1
775,quartzite,York,Coastal Plain,1
